source_file,dataset,mode,model,task_id,check_type,ok,matched,category,detail,answer_preview,error_preview
results-rlm_hard_coding_planning-promptfix-v2.json,rlm_hard_coding_planning.json,d0-i1,hf:MiniMaxAI/MiniMax-M2.5,critical_path_release_plan,exact,True,False,format_trace_or_scratchpad_leak,returned scratchpad/tool trace,"Let me analyze this project scheduling problem:  ```repl # Parse the tasks and dependencies tasks = {     'A': (3, []),     'B': (5, ['A']),     'C': (4, ['A']),     'D': (6, ['...",
results-rlm_hard_coding_planning-promptfix-v2.json,rlm_hard_coding_planning.json,d0-i1,hf:MiniMaxAI/MiniMax-M2.5,knapsack_0_1,exact,True,False,format_trace_or_scratchpad_leak,returned scratchpad/tool trace,"This is a 0/1 knapsack problem. Let me solve it:  - weights = [10, 20, 30] - values = [60, 100, 120] - capacity = 50  Possible combinations that fit within capacity 50: - Items ...",
results-rlm_hard_coding_planning-promptfix-v2.json,rlm_hard_coding_planning.json,d0-i1,hf:MiniMaxAI/MiniMax-M2.5,interval_scheduling,exact,True,False,format_trace_or_scratchpad_leak,returned scratchpad/tool trace,"```repl import re  # Parse the intervals intervals_str = context.split(""Intervals (start,end): "")[1].rstrip(""."") intervals = eval(intervals_str)  # Greedy algorithm: sort by end...",
results-rlm_hard_coding_planning-promptfix-v2.json,rlm_hard_coding_planning.json,d0-i1,hf:MiniMaxAI/MiniMax-M2.5,mini_swe_bug_localization,exact,True,False,format_trace_or_scratchpad_leak,returned scratchpad/tool trace,Let me see more of the context to understand the full picture: ```repl # View the entire context print(context) ```,
results-rlm_hard_coding_planning-promptfix-v2.json,rlm_hard_coding_planning.json,d0-i1,hf:MiniMaxAI/MiniMax-M2.5,dependency_order,exact,True,False,format_trace_or_scratchpad_leak,returned scratchpad/tool trace,"```repl # Analyze the dependencies to find a valid build order deps = """""" - parser depends on lexer - typecheck depends on parser - codegen depends on typecheck - optimizer depe...",
results-rlm_hard_coding_planning-promptfix-v2.json,rlm_hard_coding_planning.json,d3-i1,hf:MiniMaxAI/MiniMax-M2.5,interval_scheduling,exact,True,False,format_trace_or_scratchpad_leak,returned scratchpad/tool trace,"```repl import re  # Parse the intervals intervals_str = context # Extract all (start,end) pairs pairs = re.findall(r'\((\d+),(\d+)\)', intervals_str) intervals = [(int(s), int(...",
results-rlm_hard_coding_planning-promptfix-v2.json,rlm_hard_coding_planning.json,d3-i1,hf:MiniMaxAI/MiniMax-M2.5,mini_swe_bug_localization,exact,True,False,format_trace_or_scratchpad_leak,returned scratchpad/tool trace,"Looking at the context, I can see:  1. **The failure**: `ValueError: invalid literal for int() with base 10: 'true'` at `src/config.py` line 48 in `parse_config` 2. **The root c...",
results-rlm_hard_coding_planning-promptfix-v2.json,rlm_hard_coding_planning.json,d3-i1,hf:MiniMaxAI/MiniMax-M2.5,long_horizon_incident_state,exact,True,False,format_trace_or_scratchpad_leak,returned scratchpad/tool trace,"Looking at the context, this is an incident log with feature flag states recorded day by day. I can see the full text clearly now. Let me extract the relevant information for Da...",
results-rlm_hard_coding_planning-promptfix-v2.json,rlm_hard_coding_planning.json,d6-i1,hf:MiniMaxAI/MiniMax-M2.5,critical_path_release_plan,exact,True,False,format_trace_or_scratchpad_leak,returned scratchpad/tool trace,"Let me analyze this project scheduling problem:  ```repl # Parse the tasks and dependencies tasks = {     'A': (3, []),     'B': (5, ['A']),     'C': (4, ['A']),     'D': (6, ['...",
results-rlm_hard_coding_planning-promptfix-v2.json,rlm_hard_coding_planning.json,d6-i1,hf:MiniMaxAI/MiniMax-M2.5,knapsack_0_1,exact,True,False,wrong_exact_value,exact answer mismatch,-6,
results-rlm_hard_coding_planning-promptfix-v2.json,rlm_hard_coding_planning.json,d6-i1,hf:MiniMaxAI/MiniMax-M2.5,interval_scheduling,exact,True,False,empty_output,empty answer,,
results-rlm_hard_coding_planning-promptfix-v2.json,rlm_hard_coding_planning.json,d6-i1,hf:MiniMaxAI/MiniMax-M2.5,dependency_order,exact,False,False,runtime_nonzero_exit,non-zero exit,,[depth=0][iter=1/1] response: 247 chars [depth=0][iter=1/1] usage: prompt_tokens=1422 completion_tokens=102 total_tokens=1524 prompt_chars=5929  thread 'main' (375115) panicked ...
